UUID	Keywords
1000	Other Animal Model, Spectroscopy, Drug Screening / Pharmacology, Behavioral Assay
1001	Protein / Enzyme Assay
1002	None
1003	Simulation
1004	Computer Vision
1005	Machine Learning, Computer Vision
1006	Machine Learning
1007	None
1008	None
1009	Materials Testing, 3D Printing / Fabrication
1010	Materials Testing, 3D Printing / Fabrication
1011	Materials Testing
1012	Computer Vision
1013	Materials Testing
1014	Materials Testing
1015	Machine Learning, Materials Testing
1016	Materials Testing, 3D Printing / Fabrication, Synthesis
1017	Microbiology, Materials Testing, Synthesis
1018	Materials Testing
1019	Synthesis, Materials Testing
1020	Materials Testing, 3D Printing / Fabrication
1021	Microbiology, Materials Testing, 3D Printing / Fabrication
1022	Materials Testing, Synthesis
1023	Materials Testing, 3D Printing / Fabrication
1024	Machine Learning
1025	Microbiology
1026	Microbiology, Protein / Enzyme Assay, Synthesis
1027	Other Animal Model, Spectroscopy
1028	Synthesis, Materials Testing
1029	Microbiology, Drug Screening / Pharmacology
1030	Materials Testing
1031	Cell Culture, Materials Testing, Synthesis
1032	Other Animal Model, Materials Testing, Synthesis
1033	Microbiology, Materials Testing, 3D Printing / Fabrication
1034	Synthesis, Materials Testing
1035	Simulation
1036	Microbiology, Synthesis, Materials Testing
1037	Synthesis, Materials Testing
1038	Microbiology, Synthesis, Spectroscopy, Materials Testing
1039	Microbiology, Materials Testing, Synthesis, Spectroscopy
1040	Drosophila Model
1041	Other Animal Model, Drug Screening / Pharmacology, Behavioral Assay
1042	Microbiology, Materials Testing
1043	Other Animal Model, Drug Screening / Pharmacology
1044	Spectroscopy
1045	Materials Testing, 3D Printing / Fabrication
1046	None
1047	Drosophila Model, Spectroscopy, Drug Screening / Pharmacology
1048	Microbiology, Drug Screening / Pharmacology
1049	Other Animal Model
1050	None
1051	Field Study, Other Animal Model
1052	Microbiology, Protein / Enzyme Assay
1053	Other Animal Model
1054	Other Animal Model
1055	Materials Testing
1056	Materials Testing, 3D Printing / Fabrication
1057	Simulation
1058	Materials Testing
1059	Microbiology, Materials Testing
1060	Simulation
1061	Protein / Enzyme Assay
1062	Drosophila Model, Drug Screening / Pharmacology, Behavioral Assay
1063	Simulation, Remote Sensing / GIS
1064	Machine Learning, Molecular Docking, Drug Screening / Pharmacology, Synthesis
1065	3D Printing / Fabrication
1066	Machine Learning, Computational Biology, Molecular Docking, Drug Screening / Pharmacology
1067	Simulation
1068	None
1069	None
1070	Materials Testing
1071	None
1072	Other Animal Model, Microbiology, Protein / Enzyme Assay, Materials Testing
1073	Machine Learning
1074	None
1075	None
1076	None
1077	Spectroscopy, 3D Printing / Fabrication
1078	None
1079	None
1080	Materials Testing
1081	Simulation, Computational Biology
1082	Machine Learning
1083	Machine Learning
1084	Simulation
1085	Machine Learning
1086	Machine Learning, Computer Vision
1087	Molecular Docking, Computational Biology, Simulation
1088	Machine Learning, Simulation
1089	Machine Learning, Simulation
1090	None
1091	None
1092	None
1093	Materials Testing
1094	None
1095	Machine Learning
1096	Machine Learning, Computer Vision
1097	Machine Learning, Simulation
1098	Materials Testing
1099	Machine Learning
1100	Machine Learning, Computer Vision
1101	Spectroscopy
1102	Microbiology, Materials Testing
1103	Simulation
1104	Synthesis, Spectroscopy, Materials Testing
1105	Cell Culture, Protein / Enzyme Assay, Drug Screening / Pharmacology
1106	3D Printing / Fabrication, Materials Testing
1107	Materials Testing, Synthesis
1108	Synthesis, Protein / Enzyme Assay, Spectroscopy
1109	Microbiology, Materials Testing, Synthesis
1110	Synthesis, Spectroscopy, Materials Testing
1111	Synthesis, Materials Testing
1112	Drosophila Model, Drug Screening / Pharmacology, Behavioral Assay
1113	Materials Testing
1114	Spectroscopy
1115	Spectroscopy, Simulation
1116	Synthesis, Spectroscopy, Materials Testing
1117	Synthesis, Spectroscopy, Materials Testing
1118	Synthesis, Materials Testing
1119	Protein / Enzyme Assay, Spectroscopy, Field Study
1120	Microbiology, Protein / Enzyme Assay
1121	Drosophila Model, Drug Screening / Pharmacology, Behavioral Assay
1122	Machine Learning, Computer Vision
1123	None
1124	Drosophila Model, Drug Screening / Pharmacology, Behavioral Assay
1125	Cell Culture, Protein / Enzyme Assay, Drug Screening / Pharmacology, Molecular Docking
1126	Materials Testing, Synthesis
1127	Materials Testing
1128	Drosophila Model, Behavioral Assay, Protein / Enzyme Assay
1129	Cell Culture, Drug Screening / Pharmacology
1130	Machine Learning, Remote Sensing / GIS
1131	Simulation
1132	Machine Learning, Computational Biology
1133	Simulation
1134	Machine Learning, Computational Biology
1135	Cell Culture, Protein / Enzyme Assay, Drug Screening / Pharmacology
1136	Molecular Docking
1137	Cell Culture, Protein / Enzyme Assay, Drug Screening / Pharmacology
1138	Cell Culture, Protein / Enzyme Assay, Drug Screening / Pharmacology
1139	Machine Learning, Simulation
1140	Cell Culture, Protein / Enzyme Assay, Drug Screening / Pharmacology
1141	Machine Learning
1142	Simulation
1143	Cell Culture, Protein / Enzyme Assay, Drug Screening / Pharmacology
1144	Other Animal Model, Drug Screening / Pharmacology, Behavioral Assay
1145	Synthesis, Materials Testing
1146	Drosophila Model, Drug Screening / Pharmacology
1147	Drosophila Model, Drug Screening / Pharmacology, Behavioral Assay
1148	Cell Culture, Protein / Enzyme Assay, Drug Screening / Pharmacology
1149	Cell Culture, Protein / Enzyme Assay, Drug Screening / Pharmacology
1150	Cell Culture, Protein / Enzyme Assay, Drug Screening / Pharmacology
1151	Cell Culture, Drug Screening / Pharmacology
1152	None
1153	Cell Culture, Protein / Enzyme Assay, Drug Screening / Pharmacology
1154	Cell Culture, Spectroscopy, Drug Screening / Pharmacology
1155	None
1156	Cell Culture, Protein / Enzyme Assay, Drug Screening / Pharmacology
1157	Cell Culture, Protein / Enzyme Assay, Drug Screening / Pharmacology
1158	Cell Culture, Drug Screening / Pharmacology
1159	Cell Culture, Protein / Enzyme Assay, Drug Screening / Pharmacology
1160	Materials Testing
1161	Cell Culture, Protein / Enzyme Assay, Drug Screening / Pharmacology
1162	Cell Culture, Protein / Enzyme Assay, Drug Screening / Pharmacology
1163	Simulation
1164	3D Printing / Fabrication, Simulation, Materials Testing
1165	Simulation
1166	Cell Culture, Drug Screening / Pharmacology, PCR / Sequencing
1167	Cell Culture, Protein / Enzyme Assay
1168	Machine Learning
1169	Cell Culture, Protein / Enzyme Assay, Drug Screening / Pharmacology
1170	Machine Learning
1171	3D Printing / Fabrication, Materials Testing
1172	Drosophila Model, Behavioral Assay
1173	Materials Testing, Synthesis
1174	None
1175	None
1176	Synthesis, Materials Testing
1177	Materials Testing
1178	Drosophila Model, Drug Screening / Pharmacology, Behavioral Assay
1179	Molecular Docking, Computational Biology
1180	Other Animal Model
1181	Other Animal Model, Behavioral Assay
1182	Other Animal Model
1183	None
1184	None
1185	Other Animal Model
1186	Drosophila Model, Drug Screening / Pharmacology, Behavioral Assay
1187	Drosophila Model, Drug Screening / Pharmacology, Behavioral Assay
1188	Other Animal Model
1189	None
1190	Cell Culture, Drug Screening / Pharmacology
1191	Cell Culture, Drug Screening / Pharmacology
1192	Microbiology, Materials Testing, Synthesis
1193	Other Animal Model
1194	Other Animal Model
1195	Microbiology, Materials Testing
1196	Other Animal Model, Synthesis
1197	Molecular Docking, Drug Screening / Pharmacology
1198	Cell Culture
1199	Machine Learning
1200	Cell Culture, Protein / Enzyme Assay
1201	Cell Culture, Protein / Enzyme Assay, Drug Screening / Pharmacology
1202	Drosophila Model, Behavioral Assay
1203	Drosophila Model, Behavioral Assay
1204	Other Animal Model
1205	Machine Learning
1206	Synthesis, Materials Testing
1207	Drosophila Model, Behavioral Assay
1208	Other Animal Model, PCR / Sequencing, Drug Screening / Pharmacology
1209	Cell Culture, Protein / Enzyme Assay, Drug Screening / Pharmacology
1210	Other Animal Model, Behavioral Assay
1211	Drosophila Model, Drug Screening / Pharmacology, Behavioral Assay
1212	Drosophila Model, Behavioral Assay
1213	Drosophila Model, Drug Screening / Pharmacology, Behavioral Assay
1214	Other Animal Model, Drug Screening / Pharmacology, Behavioral Assay
1215	Microbiology, Protein / Enzyme Assay
1216	Simulation
1217	Machine Learning, Computer Vision, Spectroscopy
1218	Drosophila Model, Behavioral Assay
1219	Protein / Enzyme Assay, Drug Screening / Pharmacology
1220	Microbiology
1221	Microbiology, Drug Screening / Pharmacology
1222	Cell Culture, Protein / Enzyme Assay, Drug Screening / Pharmacology
1223	Spectroscopy
1224	Other Animal Model
1225	Machine Learning
1226	Drosophila Model, Drug Screening / Pharmacology, Behavioral Assay
1227	Drosophila Model, Behavioral Assay
1228	Drosophila Model, Drug Screening / Pharmacology, Behavioral Assay, Spectroscopy
1229	Other Animal Model, 3D Printing / Fabrication
1230	Other Animal Model, Behavioral Assay
1231	Other Animal Model, Behavioral Assay
1232	Computational Biology, Simulation
1233	Drosophila Model, Drug Screening / Pharmacology, Behavioral Assay
1234	Other Animal Model, Protein / Enzyme Assay, Drug Screening / Pharmacology
1235	Other Animal Model, PCR / Sequencing
1236	Other Animal Model, PCR / Sequencing
1237	Cell Culture, Protein / Enzyme Assay, Drug Screening / Pharmacology
1238	Cell Culture
1239	Drosophila Model, Protein / Enzyme Assay, Drug Screening / Pharmacology, Behavioral Assay
1240	Drosophila Model, Drug Screening / Pharmacology, Behavioral Assay
1241	Other Animal Model, Drug Screening / Pharmacology, PCR / Sequencing
1242	Drosophila Model, Drug Screening / Pharmacology, Behavioral Assay
1243	Cell Culture, Protein / Enzyme Assay, Drug Screening / Pharmacology, Synthesis
1244	Machine Learning, Computer Vision
1245	Other Animal Model, PCR / Sequencing
1246	Drosophila Model, Drug Screening / Pharmacology, Behavioral Assay
1247	Drosophila Model, Drug Screening / Pharmacology, Behavioral Assay
1248	Other Animal Model, Drug Screening / Pharmacology, Protein / Enzyme Assay
1249	Drosophila Model, Drug Screening / Pharmacology, Behavioral Assay
1250	Drosophila Model, Drug Screening / Pharmacology, Behavioral Assay
1251	Drosophila Model, Drug Screening / Pharmacology, Behavioral Assay
1252	Drosophila Model, Drug Screening / Pharmacology, Behavioral Assay
1253	Materials Testing, 3D Printing / Fabrication
1254	Drosophila Model, Drug Screening / Pharmacology, Behavioral Assay, Spectroscopy
1255	None
1256	Drosophila Model, Drug Screening / Pharmacology, Behavioral Assay
1257	Microbiology, Synthesis, Spectroscopy
1258	Drosophila Model, Behavioral Assay
1259	Drosophila Model, Protein / Enzyme Assay, Drug Screening / Pharmacology, Behavioral Assay
1260	Drosophila Model, PCR / Sequencing, Computational Biology
1261	Drosophila Model, Drug Screening / Pharmacology, Behavioral Assay
1262	Machine Learning, Computer Vision
1263	Machine Learning, Simulation, Remote Sensing / GIS
1264	Drosophila Model, Drug Screening / Pharmacology, Behavioral Assay
1265	Machine Learning
1266	Machine Learning
1267	Materials Testing, Spectroscopy
1268	Cell Culture, Protein / Enzyme Assay, Drug Screening / Pharmacology
1269	Drosophila Model, Drug Screening / Pharmacology
1270	Synthesis, Materials Testing
1271	Machine Learning, Computational Biology, Simulation
1272	Cell Culture, Protein / Enzyme Assay, Drug Screening / Pharmacology, Spectroscopy
1273	Drosophila Model, Drug Screening / Pharmacology
1274	Simulation
1275	Drosophila Model, Behavioral Assay
1276	Materials Testing, 3D Printing / Fabrication
1277	3D Printing / Fabrication, Field Study
1278	Materials Testing
1279	None
